Transaction, Victim Sender, Victim Receiver, Attacked Contract, Attacked Function
0xee44c335a446b18545a4399ccf3855ea3c879c887ae5eef34f9114d9d9825980, 0xdd5a1c148ca114af2f4ebc639ce21fed4730a608, 0x103675510a219bd84ce91d1bcb82ca194d665a09, 0x7043fc2e21865c091eeae37c38e3d82bccdf5d5c, sell
0x54b54310ab82c3bf1f2e52fb4a15a4131f2c4fc3725d020fe6228b3c8a758ec7, 0xe5e058f75ea95316831bab969734c32c93977b61, 0x14ad13b2f767918ee2f663b4b7ec51b1618f9545, 0x07f81230d73a78f63f0c2a3403ad281b067d28f8, deposit
0xc85c2b0902190c6f4f7b1491d6b17c792a68db075a34a3e089b97cc2eb9a9685, 0xf27696c8bca7d54d696189085ae1283f59342fa6, 0x103675510a219bd84ce91d1bcb82ca194d665a09, 0x7043fc2e21865c091eeae37c38e3d82bccdf5d5c, sell
0xbc319fb7f1869ca71e05d10b2dae7f850f644d1df18a6b5f405f49a0402e9acf, 0xf27696c8bca7d54d696189085ae1283f59342fa6, 0x103675510a219bd84ce91d1bcb82ca194d665a09, 0x6a31c5982c5bc5533432913cf06a66b6d3333a95, withdraw
0x6e9c3851ceea62f9f3b1d245f34b61b017fde7e27e7384cdc54a39f797e0eb70, 0xb2a82a8f0223dcb5020d9c593977e172fb33165e, 0x485ea13934971fc2c32cf4c4cdbc456daa9ecc85, 0x07f81230d73a78f63f0c2a3403ad281b067d28f8, deposit
0x79196aef377dda68414fac5c12702ea5e1cd1fa15e306393c3cea919f5534e7a, 0xdd5a1c148ca114af2f4ebc639ce21fed4730a608, 0x103675510a219bd84ce91d1bcb82ca194d665a09, 0xe5b66b785bd6b6708bb814482180c136ddbcd687, withdraw
0x79196aef377dda68414fac5c12702ea5e1cd1fa15e306393c3cea919f5534e7a, 0xdd5a1c148ca114af2f4ebc639ce21fed4730a608, 0x103675510a219bd84ce91d1bcb82ca194d665a09, 0x6a31c5982c5bc5533432913cf06a66b6d3333a95, withdraw
0x79196aef377dda68414fac5c12702ea5e1cd1fa15e306393c3cea919f5534e7a, 0xdd5a1c148ca114af2f4ebc639ce21fed4730a608, 0x103675510a219bd84ce91d1bcb82ca194d665a09, 0x6a31c5982c5bc5533432913cf06a66b6d3333a95, withdraw
0x79196aef377dda68414fac5c12702ea5e1cd1fa15e306393c3cea919f5534e7a, 0xdd5a1c148ca114af2f4ebc639ce21fed4730a608, 0x103675510a219bd84ce91d1bcb82ca194d665a09, 0x6a31c5982c5bc5533432913cf06a66b6d3333a95, withdraw
0x79196aef377dda68414fac5c12702ea5e1cd1fa15e306393c3cea919f5534e7a, 0xdd5a1c148ca114af2f4ebc639ce21fed4730a608, 0x103675510a219bd84ce91d1bcb82ca194d665a09, 0xf5e14d35706971b6aad7a67b1a8e9a1ef7870be9, claim
0x79196aef377dda68414fac5c12702ea5e1cd1fa15e306393c3cea919f5534e7a, 0xdd5a1c148ca114af2f4ebc639ce21fed4730a608, 0x103675510a219bd84ce91d1bcb82ca194d665a09, 0x6a31c5982c5bc5533432913cf06a66b6d3333a95, withdraw
0xec71ef9c51a2aee4a90fe69a316dd00fd7f17bbb75dcac34314e2fed1a1a4025, 0x817d8e0d02eaa7d9acb69f192226301119877fae, 0xd4cd1b2d82f36a44eacb6c33fc19ff2a5b6f488d, 0x07f81230d73a78f63f0c2a3403ad281b067d28f8, deposit
0x7bd1fcea407e92ca3e287b1b8adb7170804afe664ac06d14e3a96d7e650bd8e9, 0xdd5a1c148ca114af2f4ebc639ce21fed4730a608, 0x103675510a219bd84ce91d1bcb82ca194d665a09, 0xe5b66b785bd6b6708bb814482180c136ddbcd687, withdraw
0x7bd1fcea407e92ca3e287b1b8adb7170804afe664ac06d14e3a96d7e650bd8e9, 0xdd5a1c148ca114af2f4ebc639ce21fed4730a608, 0x103675510a219bd84ce91d1bcb82ca194d665a09, 0x861a2250fcdbe57041289623561d5d79585df5dc, withdraw
0xc35fe1150e962a4e75dc236a5ae173561b547ebe9ab2db8283c4b716cbb35e36, 0xdd5a1c148ca114af2f4ebc639ce21fed4730a608, 0x103675510a219bd84ce91d1bcb82ca194d665a09, 0xc74902ad45c8223da10efdcff2ded12184e9d9b5, deposit
0xc35fe1150e962a4e75dc236a5ae173561b547ebe9ab2db8283c4b716cbb35e36, 0xdd5a1c148ca114af2f4ebc639ce21fed4730a608, 0x103675510a219bd84ce91d1bcb82ca194d665a09, 0xe5b66b785bd6b6708bb814482180c136ddbcd687, deposit
0x7f071c077f1ee3227d7dc43ab7c830191aa3c068ce7159ab794876cc5b8451f4, 0xf27696c8bca7d54d696189085ae1283f59342fa6, 0x103675510a219bd84ce91d1bcb82ca194d665a09, 0xaecfa2c0f4bad0ecee46dcd1250cd0334fe28bc0, deposit
0xd8125bb2096668ba2fdaffe537174212c462ec454879e41f24f1f909c33c4250, 0xf27696c8bca7d54d696189085ae1283f59342fa6, 0x103675510a219bd84ce91d1bcb82ca194d665a09, 0xcef5f3c402d4fef76a038e89a4357176963e1464, flashBorrow
0xd8125bb2096668ba2fdaffe537174212c462ec454879e41f24f1f909c33c4250, 0xf27696c8bca7d54d696189085ae1283f59342fa6, 0x103675510a219bd84ce91d1bcb82ca194d665a09, 0x7043fc2e21865c091eeae37c38e3d82bccdf5d5c, sell
0xd8125bb2096668ba2fdaffe537174212c462ec454879e41f24f1f909c33c4250, 0xf27696c8bca7d54d696189085ae1283f59342fa6, 0x103675510a219bd84ce91d1bcb82ca194d665a09, 0x07f81230d73a78f63f0c2a3403ad281b067d28f8, payback
0xd8125bb2096668ba2fdaffe537174212c462ec454879e41f24f1f909c33c4250, 0xf27696c8bca7d54d696189085ae1283f59342fa6, 0x103675510a219bd84ce91d1bcb82ca194d665a09, 0x07f81230d73a78f63f0c2a3403ad281b067d28f8, withdraw
0xd8125bb2096668ba2fdaffe537174212c462ec454879e41f24f1f909c33c4250, 0xf27696c8bca7d54d696189085ae1283f59342fa6, 0x103675510a219bd84ce91d1bcb82ca194d665a09, 0xcef5f3c402d4fef76a038e89a4357176963e1464, flashPayback
0x2c560876e908a8ecf41e4861a62f40464f471b1203efbbb916c63bfb4b1496bc, 0xdd5a1c148ca114af2f4ebc639ce21fed4730a608, 0x103675510a219bd84ce91d1bcb82ca194d665a09, 0x07f81230d73a78f63f0c2a3403ad281b067d28f8, payback
0x2c560876e908a8ecf41e4861a62f40464f471b1203efbbb916c63bfb4b1496bc, 0xdd5a1c148ca114af2f4ebc639ce21fed4730a608, 0x103675510a219bd84ce91d1bcb82ca194d665a09, 0x07f81230d73a78f63f0c2a3403ad281b067d28f8, withdraw
0xb249bd5b0aba0cc480f325cf30aad3ab57e1bd5572f38283da22a9736daba302, 0xf27696c8bca7d54d696189085ae1283f59342fa6, 0x103675510a219bd84ce91d1bcb82ca194d665a09, 0x07f81230d73a78f63f0c2a3403ad281b067d28f8, deposit
0xae0419327d4d834356d83a83be1c3ab7deb89eff473d41c574038e6594a6e76c, 0xdd5a1c148ca114af2f4ebc639ce21fed4730a608, 0x103675510a219bd84ce91d1bcb82ca194d665a09, 0xc74902ad45c8223da10efdcff2ded12184e9d9b5, deposit
0xae0419327d4d834356d83a83be1c3ab7deb89eff473d41c574038e6594a6e76c, 0xdd5a1c148ca114af2f4ebc639ce21fed4730a608, 0x103675510a219bd84ce91d1bcb82ca194d665a09, 0xe5b66b785bd6b6708bb814482180c136ddbcd687, deposit
0x5a9dfa44b52873c9f6dc0c6da239efa9b44e7df6bb1d29a6fb82f094432a4d28, 0xee14f6f91f45cd6aee8ffc746e81b79a1fc5d33e, 0x57b765802bdd5fc869e13808c67646dcfd50b868, 0x07f81230d73a78f63f0c2a3403ad281b067d28f8, deposit
0xf610e91ccd8ba47bd04d2f2086c9bf44951a1a0bffdace8b5c1893b457e20065, 0x08e5f4670b8e70fe77d952ba0fbbf9f4762aaf73, 0x8c91cadab52d47e42a24bed28e37c6b8673368a5, 0x07f81230d73a78f63f0c2a3403ad281b067d28f8, deposit
0x6f2df3235e248b4a499485367d17236cc8ba0cb5011f01ff1cb2c0f1eb97883c, 0xdd5a1c148ca114af2f4ebc639ce21fed4730a608, 0x103675510a219bd84ce91d1bcb82ca194d665a09, 0xcef5f3c402d4fef76a038e89a4357176963e1464, flashBorrow
0x6f2df3235e248b4a499485367d17236cc8ba0cb5011f01ff1cb2c0f1eb97883c, 0xdd5a1c148ca114af2f4ebc639ce21fed4730a608, 0x103675510a219bd84ce91d1bcb82ca194d665a09, 0xc74902ad45c8223da10efdcff2ded12184e9d9b5, sell
0x6f2df3235e248b4a499485367d17236cc8ba0cb5011f01ff1cb2c0f1eb97883c, 0xdd5a1c148ca114af2f4ebc639ce21fed4730a608, 0x103675510a219bd84ce91d1bcb82ca194d665a09, 0x07f81230d73a78f63f0c2a3403ad281b067d28f8, payback
0x6f2df3235e248b4a499485367d17236cc8ba0cb5011f01ff1cb2c0f1eb97883c, 0xdd5a1c148ca114af2f4ebc639ce21fed4730a608, 0x103675510a219bd84ce91d1bcb82ca194d665a09, 0x07f81230d73a78f63f0c2a3403ad281b067d28f8, withdraw
0x6f2df3235e248b4a499485367d17236cc8ba0cb5011f01ff1cb2c0f1eb97883c, 0xdd5a1c148ca114af2f4ebc639ce21fed4730a608, 0x103675510a219bd84ce91d1bcb82ca194d665a09, 0xcef5f3c402d4fef76a038e89a4357176963e1464, flashPayback
0x3ed8bb1328da2211d46a194c8e635583a317144367d07b7d55e89f1ffbd5c2c6, 0xdd5a1c148ca114af2f4ebc639ce21fed4730a608, 0x103675510a219bd84ce91d1bcb82ca194d665a09, 0x7043fc2e21865c091eeae37c38e3d82bccdf5d5c, sell
0x3a96a0a115a016537e0843ba923d96bcd57d6ba13cc0932376ffbe9814a2e061, 0xdd5a1c148ca114af2f4ebc639ce21fed4730a608, 0x103675510a219bd84ce91d1bcb82ca194d665a09, 0x861a2250fcdbe57041289623561d5d79585df5dc, withdraw
0x3a96a0a115a016537e0843ba923d96bcd57d6ba13cc0932376ffbe9814a2e061, 0xdd5a1c148ca114af2f4ebc639ce21fed4730a608, 0x103675510a219bd84ce91d1bcb82ca194d665a09, 0x6a31c5982c5bc5533432913cf06a66b6d3333a95, withdraw
0x2d9c81653a145cb25bd182eaccd488d67befbd103a72096a477b4fd057f4d356, 0xbbb851d1a41ba2835e9440f8fef91c9cd52473a7, 0x29cd002b5fec7e2a90958c6feba5a019fe3b9004, 0x07f81230d73a78f63f0c2a3403ad281b067d28f8, deposit
0xc639ad25841b0549a5a13331dd3c52f9292e8027c5c058973b4bb96c4d724280, 0xdd5a1c148ca114af2f4ebc639ce21fed4730a608, 0x103675510a219bd84ce91d1bcb82ca194d665a09, 0x861a2250fcdbe57041289623561d5d79585df5dc, deposit
0xc639ad25841b0549a5a13331dd3c52f9292e8027c5c058973b4bb96c4d724280, 0xdd5a1c148ca114af2f4ebc639ce21fed4730a608, 0x103675510a219bd84ce91d1bcb82ca194d665a09, 0xe5b66b785bd6b6708bb814482180c136ddbcd687, deposit
0x5f394e54595eab445fa67ebdb9b7fce789bb9a914f58098435d04e4e4e3241a5, 0xf27696c8bca7d54d696189085ae1283f59342fa6, 0x103675510a219bd84ce91d1bcb82ca194d665a09, 0x07f81230d73a78f63f0c2a3403ad281b067d28f8, deposit
0x5966acd1bb2c6c072a6d9cb66a87ecbb14171f48219e7ad63649f0ac24a8153f, 0xf27696c8bca7d54d696189085ae1283f59342fa6, 0x103675510a219bd84ce91d1bcb82ca194d665a09, 0x07f81230d73a78f63f0c2a3403ad281b067d28f8, deposit
0x8c351009416fe51ae2ed6bde5ef95e41daa1f9d864fe098bdbea1e8de089a8a6, 0xdd5a1c148ca114af2f4ebc639ce21fed4730a608, 0x103675510a219bd84ce91d1bcb82ca194d665a09, 0xe5b66b785bd6b6708bb814482180c136ddbcd687, withdraw
0x8c351009416fe51ae2ed6bde5ef95e41daa1f9d864fe098bdbea1e8de089a8a6, 0xdd5a1c148ca114af2f4ebc639ce21fed4730a608, 0x103675510a219bd84ce91d1bcb82ca194d665a09, 0x6a31c5982c5bc5533432913cf06a66b6d3333a95, withdraw
0x8c351009416fe51ae2ed6bde5ef95e41daa1f9d864fe098bdbea1e8de089a8a6, 0xdd5a1c148ca114af2f4ebc639ce21fed4730a608, 0x103675510a219bd84ce91d1bcb82ca194d665a09, 0x6a31c5982c5bc5533432913cf06a66b6d3333a95, withdraw
